{
  "mainAssemblyName": "TodoApp",
  "resources": {
    "hash": "sha256-zeHC7jnv0xOfP9Vz9gME7O1I9SXQIc8b0YWyW80JcN4=",
    "fingerprinting": {
      "Microsoft.AspNetCore.Components.wm5u4q1in1.wasm": "Microsoft.AspNetCore.Components.wasm",
      "Microsoft.AspNetCore.Components.Web.xmrx79szy1.wasm": "Microsoft.AspNetCore.Components.Web.wasm",
      "Microsoft.AspNetCore.Components.WebAssembly.79f328gm1x.wasm": "Microsoft.AspNetCore.Components.WebAssembly.wasm",
      "Microsoft.Extensions.Configuration.zr9y6n6fms.wasm": "Microsoft.Extensions.Configuration.wasm",
      "Microsoft.Extensions.Configuration.Abstractions.e7obn5k3m8.wasm": "Microsoft.Extensions.Configuration.Abstractions.wasm",
      "Microsoft.Extensions.Configuration.Json.this79iyc7.wasm": "Microsoft.Extensions.Configuration.Json.wasm",
      "Microsoft.Extensions.DependencyInjection.t4styidezf.wasm": "Microsoft.Extensions.DependencyInjection.wasm",
      "Microsoft.Extensions.DependencyInjection.Abstractions.8uayxgims2.wasm": "Microsoft.Extensions.DependencyInjection.Abstractions.wasm",
      "Microsoft.Extensions.Logging.6vimitskgi.wasm": "Microsoft.Extensions.Logging.wasm",
      "Microsoft.Extensions.Logging.Abstractions.elmhutega7.wasm": "Microsoft.Extensions.Logging.Abstractions.wasm",
      "Microsoft.Extensions.Options.gengnogwit.wasm": "Microsoft.Extensions.Options.wasm",
      "Microsoft.Extensions.Primitives.v7gb9xjdhy.wasm": "Microsoft.Extensions.Primitives.wasm",
      "Microsoft.JSInterop.thjhyg5vln.wasm": "Microsoft.JSInterop.wasm",
      "Microsoft.JSInterop.WebAssembly.pxf5p9f275.wasm": "Microsoft.JSInterop.WebAssembly.wasm",
      "System.Collections.Concurrent.hwz06lvarn.wasm": "System.Collections.Concurrent.wasm",
      "System.Collections.Immutable.4ghyol54a5.wasm": "System.Collections.Immutable.wasm",
      "System.Collections.nrt44szuf4.wasm": "System.Collections.wasm",
      "System.ComponentModel.0n5errmvx8.wasm": "System.ComponentModel.wasm",
      "System.Console.3mkpt7g2kd.wasm": "System.Console.wasm",
      "System.Diagnostics.DiagnosticSource.kleeaz9n0e.wasm": "System.Diagnostics.DiagnosticSource.wasm",
      "System.IO.Pipelines.kapd30rafw.wasm": "System.IO.Pipelines.wasm",
      "System.Linq.72pexot6tw.wasm": "System.Linq.wasm",
      "System.Memory.qmgd6z2we4.wasm": "System.Memory.wasm",
      "System.Net.Http.Json.7sflqp1elu.wasm": "System.Net.Http.Json.wasm",
      "System.Net.Http.cls4oyqn7b.wasm": "System.Net.Http.wasm",
      "System.Net.Primitives.yjcmep7m7h.wasm": "System.Net.Primitives.wasm",
      "System.Private.Uri.zfzzbkcrhv.wasm": "System.Private.Uri.wasm",
      "System.Runtime.InteropServices.JavaScript.f7txb1es0b.wasm": "System.Runtime.InteropServices.JavaScript.wasm",
      "System.Runtime.phybb45lzs.wasm": "System.Runtime.wasm",
      "System.Text.Encodings.Web.08ymq1fvcr.wasm": "System.Text.Encodings.Web.wasm",
      "System.Text.Json.wvvw2wq28w.wasm": "System.Text.Json.wasm",
      "System.Text.RegularExpressions.3ddyst6dmo.wasm": "System.Text.RegularExpressions.wasm",
      "System.Private.CoreLib.s4h7av9g9m.wasm": "System.Private.CoreLib.wasm",
      "TodoApp.euae0jvzfm.wasm": "TodoApp.wasm",
      "dotnet.js": "dotnet.js",
      "dotnet.native.9ih887ebfz.js": "dotnet.native.js",
      "dotnet.native.21mns4qp4i.wasm": "dotnet.native.wasm",
      "dotnet.runtime.st3wwc8rqy.js": "dotnet.runtime.js",
      "icudt_CJK.tjcz0u77k5.dat": "icudt_CJK.dat",
      "icudt_EFIGS.tptq2av103.dat": "icudt_EFIGS.dat",
      "icudt_no_CJK.lfu7j35m59.dat": "icudt_no_CJK.dat"
    },
    "jsModuleNative": {
      "dotnet.native.9ih887ebfz.js": "sha256-oS7IRiQoVt9ThQ7Y2UM3XoeY0JqPD02cg9IvRdufn2w="
    },
    "jsModuleRuntime": {
      "dotnet.runtime.st3wwc8rqy.js": "sha256-oBRKHAqZUsvCRnCzkQfB7zc45cpKLNq2NKyrG10IKx8="
    },
    "wasmNative": {
      "dotnet.native.21mns4qp4i.wasm": "sha256-RtuwNrUOdAJ5A4aS4ZmceO4ySriaYqTdC7X++6yd9lM="
    },
    "icu": {
      "icudt_CJK.tjcz0u77k5.dat": "sha256-SZLtQnRc0JkwqHab0VUVP7T3uBPSeYzxzDnpxPpUnHk=",
      "icudt_EFIGS.tptq2av103.dat": "sha256-8fItetYY8kQ0ww6oxwTLiT3oXlBwHKumbeP2pRF4yTc=",
      "icudt_no_CJK.lfu7j35m59.dat": "sha256-L7sV7NEYP37/Qr2FPCePo5cJqRgTXRwGHuwF5Q+0Nfs="
    },
    "coreAssembly": {
      "System.Runtime.InteropServices.JavaScript.f7txb1es0b.wasm": "sha256-5X6FWiZE4NSx4s9iNjfVim2lWQpcbVIsorx1vB6lyno=",
      "System.Private.CoreLib.s4h7av9g9m.wasm": "sha256-hPeD/72EwtyTq1vNyiQK8Zvp93vDaASPttpV0TqdSAQ="
    },
    "assembly": {
      "Microsoft.AspNetCore.Components.wm5u4q1in1.wasm": "sha256-CDRbGTSZknhUBHkj+m5Ryj/4S6g4LpSqMDzTVwQ9huc=",
      "Microsoft.AspNetCore.Components.Web.xmrx79szy1.wasm": "sha256-KbUZjfS4/bMeXYtm+ELBawnd9qDbmRhR4m3ZruIimDA=",
      "Microsoft.AspNetCore.Components.WebAssembly.79f328gm1x.wasm": "sha256-+1EKy7RMfExEKzmknoBKi3hgqvskE7LS6AFJOEngQAU=",
      "Microsoft.Extensions.Configuration.zr9y6n6fms.wasm": "sha256-AfgiKXj2TZbhvV4OmBVd8zf36SdWtLxp9dIGGJ3QRbY=",
      "Microsoft.Extensions.Configuration.Abstractions.e7obn5k3m8.wasm": "sha256-SvqIqLTJFeFnn2GyYARDkqvF//mAgsCnCMAO0bMqo60=",
      "Microsoft.Extensions.Configuration.Json.this79iyc7.wasm": "sha256-X+g8Y9v8Xs3DURC3DvFf0BXk5Ll4hWN5k4Oc+3lBALE=",
      "Microsoft.Extensions.DependencyInjection.t4styidezf.wasm": "sha256-rW0muBNtI+FY/WA4kKZ6KaamvExUL3czb1N7sbPc6K4=",
      "Microsoft.Extensions.DependencyInjection.Abstractions.8uayxgims2.wasm": "sha256-oPMSTExqr+OOyznEv163LewxvYy0YL7ZwtV2B0l5Ky4=",
      "Microsoft.Extensions.Logging.6vimitskgi.wasm": "sha256-/lATVMaxjrO/7QTYnmE50qdHvr8l76pNE9v29HGzLeA=",
      "Microsoft.Extensions.Logging.Abstractions.elmhutega7.wasm": "sha256-XiEBsiupeY7rUwrYpzwAGSRPqty1E7ePNDa47wHp318=",
      "Microsoft.Extensions.Options.gengnogwit.wasm": "sha256-iE5IdsswZs+bzrBrYg+UZn83ARwJL0gCmIz92diTNH8=",
      "Microsoft.Extensions.Primitives.v7gb9xjdhy.wasm": "sha256-JZwhFEQoWOuRn2U0Qji1wcp9EpYv3Dxvujsu4PzdEDs=",
      "Microsoft.JSInterop.thjhyg5vln.wasm": "sha256-D9Er45Fjw626NSAqOOhYj/pBZWGKHTe5EtJh5N1zO4E=",
      "Microsoft.JSInterop.WebAssembly.pxf5p9f275.wasm": "sha256-EzPimVxYUyvc5hlmFOvopAur+oDc/0DNCvYv9ReoU70=",
      "System.Collections.Concurrent.hwz06lvarn.wasm": "sha256-P6B9N3fO7t6t5v872YlnIwVE4STt5o+KpUbMJycgBrs=",
      "System.Collections.Immutable.4ghyol54a5.wasm": "sha256-LJe+90M/i9ThPbObyIYyiJ46FRsGT8cprbuJqpMnucE=",
      "System.Collections.nrt44szuf4.wasm": "sha256-s5O9dtiMMw4QDyaNmV4TZOEskvVTr/eUSFbna9UxNFM=",
      "System.ComponentModel.0n5errmvx8.wasm": "sha256-DHujPeYswdt0JOBw03JC11hmqQ+Vtb1K9fkbgtDLtTM=",
      "System.Console.3mkpt7g2kd.wasm": "sha256-m23pRd08wqcxINfeolmq+5fxtnvG4CKsSq3SNKPhMbU=",
      "System.Diagnostics.DiagnosticSource.kleeaz9n0e.wasm": "sha256-mLiZ2KVL+a+dFuTtYcQVelr78wfU5C42nGthneT4yMw=",
      "System.IO.Pipelines.kapd30rafw.wasm": "sha256-tCvlwGJAx3TJMot5V3EE7CsL75IH2QH821792tEpUhM=",
      "System.Linq.72pexot6tw.wasm": "sha256-X+duWp05ll4ZZm0Az+tKzWOQw5jnp68/cSmrFr9N2XY=",
      "System.Memory.qmgd6z2we4.wasm": "sha256-jhhk/aUdoCCrk+I6cBCLD4YTu9Ek9peLsFv4NDwxFYM=",
      "System.Net.Http.Json.7sflqp1elu.wasm": "sha256-JzG31cxLyRkjW7rwUVpNIEIAzZ5OuHFHgUogkgLkaZ0=",
      "System.Net.Http.cls4oyqn7b.wasm": "sha256-wKkWQjU2KAEJfCLY2CCghblWdwczSKJjLDBI3lNXjSQ=",
      "System.Net.Primitives.yjcmep7m7h.wasm": "sha256-DqsumNiS0cF1FXZ5sSRsGHgAG63fChKhelkEA9f6A50=",
      "System.Private.Uri.zfzzbkcrhv.wasm": "sha256-L9nK3Cq9YhpcGjx81HzO+xl9GAXp4V94C4/zMXoYrdQ=",
      "System.Runtime.phybb45lzs.wasm": "sha256-XY6WOjx4WtBbN42IK5mbtGwAKclvcPmVKthqDEHxHtU=",
      "System.Text.Encodings.Web.08ymq1fvcr.wasm": "sha256-QPumUm/+bRPi/T+QpPMfrlCeezAnzRk6CmD/iBskgiw=",
      "System.Text.Json.wvvw2wq28w.wasm": "sha256-lLRUxXnDwYD3+vgFT8SDOi9kXtlXUaLRNydbKc8UgWo=",
      "System.Text.RegularExpressions.3ddyst6dmo.wasm": "sha256-J0h0LpWzXEYF0E+lUOiWbLF6UobUv3nu0XKBs3nMIoQ=",
      "TodoApp.euae0jvzfm.wasm": "sha256-ZgpRSgGaSqIxf0nEJZMsITBTkHJq8PMue1pXFN/Lm6U="
    }
  },
  "cacheBootResources": true,
  "debugLevel": 0,
  "linkerEnabled": true,
  "globalizationMode": "sharded",
  "extensions": {
    "blazor": {}
  }
}